-- phpMyAdmin SQL Dump
-- version 4.9.1
-- https://www.phpmyadmin.net/
--
-- Servidor: localhost
-- Tiempo de generación: 30-06-2024 a las 14:56:21
-- Versión del servidor: 8.0.17
-- Versión de PHP: 7.3.10

SET SQL_MODE = "NO_AUTO_VALUE_ON_ZERO";
SET AUTOCOMMIT = 0;
START TRANSACTION;
SET time_zone = "+00:00";


/*!40101 SET @OLD_CHARACTER_SET_CLIENT=@@CHARACTER_SET_CLIENT */;
/*!40101 SET @OLD_CHARACTER_SET_RESULTS=@@CHARACTER_SET_RESULTS */;
/*!40101 SET @OLD_COLLATION_CONNECTION=@@COLLATION_CONNECTION */;
/*!40101 SET NAMES utf8mb4 */;

--
-- Base de datos: `pdo`
--

-- --------------------------------------------------------

--
-- Estructura de tabla para la tabla `categoria`
--

CREATE TABLE `categoria` (
  `categoria_id` int(7) NOT NULL,
  `categoria_nombre` varchar(50) CHARACTER SET utf8 COLLATE utf8_spanish2_ci NOT NULL,
  `categoria_ubicacion` varchar(150) CHARACTER SET utf8 COLLATE utf8_spanish2_ci NOT NULL
) ENGINE=InnoDB DEFAULT CHARSET=utf8 COLLATE=utf8_spanish2_ci;

--
-- Volcado de datos para la tabla `categoria`
--

INSERT INTO `categoria` (`categoria_id`, `categoria_nombre`, `categoria_ubicacion`) VALUES
(1, 'PORTATILES', 'JEFATURA DE SISTEMAS'),
(2, 'SALA 1', 'SALAS DE SISTEMAS'),
(3, 'SALA 2', 'SALAS DE SISTEMAS'),
(4, 'SALA 3', 'SALAS DE SISTEMAS'),
(5, 'SALA 4', 'SALAS DE SISTEMAS'),
(6, 'SALA 5', 'SALAS DE SISTEMAS'),
(7, 'SALA 6', 'SALAS DE SISTEMAS'),
(8, 'SALA TELEMATICA', 'SALAS DE SISTEMAS'),
(9, 'CARTERA', 'ADMINISTRATIVOS'),
(10, 'CALL CENTER', 'ADMINISTRATIVOS'),
(11, 'INFORMACION', 'ADMINISTRATIVOS'),
(12, 'PAGADURIA', 'ADMINISTRATIVOS'),
(13, 'IMPRESORAS', 'ADMINISTRATIVOS'),
(14, 'NO ACTIVO', 'BODEGA SAN AGUSTIN');

-- --------------------------------------------------------

--
-- Estructura de tabla para la tabla `historial`
--

CREATE TABLE `historial` (
  `id` int(11) NOT NULL,
  `producto_id` int(11) NOT NULL,
  `fecha` date DEFAULT NULL,
  `tipo_mantenimiento` text,
  `persona` varchar(255) DEFAULT NULL,
  `descripcion` text
) ENGINE=InnoDB DEFAULT CHARSET=utf8mb4 COLLATE=utf8mb4_0900_ai_ci;

-- --------------------------------------------------------

--
-- Estructura de tabla para la tabla `insumos`
--

CREATE TABLE `insumos` (
  `codigo` int(10) NOT NULL,
  `nombre` varchar(20) NOT NULL,
  `cantidad` int(10) NOT NULL,
  `estado` varchar(20) NOT NULL,
  `igarantia` date NOT NULL,
  `fgarantia` date NOT NULL,
  `comentarios` varchar(200) NOT NULL
) ENGINE=InnoDB DEFAULT CHARSET=utf8mb4 COLLATE=utf8mb4_0900_ai_ci;

-- --------------------------------------------------------

--
-- Estructura de tabla para la tabla `mantenimientos`
--

CREATE TABLE `mantenimientos` (
  `consecutivo` int(11) NOT NULL,
  `fecha` date NOT NULL,
  `tipo_mantenimiento` varchar(255) CHARACTER SET utf8mb4 COLLATE utf8mb4_general_ci NOT NULL,
  `descripcion` text CHARACTER SET utf8mb4 COLLATE utf8mb4_general_ci,
  `persona` varchar(255) CHARACTER SET utf8mb4 COLLATE utf8mb4_general_ci DEFAULT NULL,
  `firma` varchar(255) CHARACTER SET utf8mb4 COLLATE utf8mb4_general_ci DEFAULT NULL,
  `costo` decimal(9,3) DEFAULT NULL,
  `producto_id` int(11) NOT NULL
) ENGINE=InnoDB DEFAULT CHARSET=utf8mb4 COLLATE=utf8mb4_general_ci;

--
-- Volcado de datos para la tabla `mantenimientos`
--

INSERT INTO `mantenimientos` (`consecutivo`, `fecha`, `tipo_mantenimiento`, `descripcion`, `persona`, `firma`, `costo`, `producto_id`) VALUES
(58, '2024-06-10', 'PREVENTIVO', 'SE RELIZA MANTENIMIENTO INTERNO Y EXTERNO A EQUIPO', 'SAN AGUSTIN', 'DANILO DORIA', '50.000', 112),
(59, '2024-06-10', 'PREVENTIVO', 'MANTENIMIENTO PREVENTIVO', 'SAN AGUSTIN', 'DANILO DORIA', '50.000', 113);

-- --------------------------------------------------------

--
-- Estructura de tabla para la tabla `producto`
--

CREATE TABLE `producto` (
  `producto_id` int(20) NOT NULL,
  `producto_codigo` varchar(70) CHARACTER SET utf8 COLLATE utf8_spanish2_ci NOT NULL,
  `producto_nombre` varchar(70) CHARACTER SET utf8 COLLATE utf8_spanish2_ci NOT NULL,
  `producto_marca` text CHARACTER SET utf8 COLLATE utf8_spanish2_ci NOT NULL,
  `producto_ram` text CHARACTER SET utf8 COLLATE utf8_spanish2_ci NOT NULL,
  `placa_base` varchar(50) COLLATE utf8_spanish2_ci NOT NULL,
  `tarjeta_grafica` varchar(50) COLLATE utf8_spanish2_ci NOT NULL,
  `producto_disco` text CHARACTER SET utf8 COLLATE utf8_spanish2_ci NOT NULL,
  `producto_procesador` text CHARACTER SET utf8 COLLATE utf8_spanish2_ci NOT NULL,
  `producto_igarantia` date NOT NULL,
  `producto_fgarantia` date NOT NULL,
  `producto_comentario` text CHARACTER SET utf8 COLLATE utf8_spanish2_ci NOT NULL,
  `monitor_marca` varchar(50) COLLATE utf8_spanish2_ci NOT NULL,
  `monitor_serial` varchar(50) COLLATE utf8_spanish2_ci NOT NULL,
  `producto_mouse` varchar(50) COLLATE utf8_spanish2_ci NOT NULL,
  `producto_teclado` varchar(50) COLLATE utf8_spanish2_ci NOT NULL,
  `numero_equipo` text CHARACTER SET utf8 COLLATE utf8_spanish2_ci NOT NULL,
  `categoria_id` int(7) NOT NULL,
  `usuario_id` int(10) NOT NULL
) ENGINE=InnoDB DEFAULT CHARSET=utf8 COLLATE=utf8_spanish2_ci;

--
-- Volcado de datos para la tabla `producto`
--

INSERT INTO `producto` (`producto_id`, `producto_codigo`, `producto_nombre`, `producto_marca`, `producto_ram`, `placa_base`, `tarjeta_grafica`, `producto_disco`, `producto_procesador`, `producto_igarantia`, `producto_fgarantia`, `producto_comentario`, `monitor_marca`, `monitor_serial`, `producto_mouse`, `producto_teclado`, `numero_equipo`, `categoria_id`, `usuario_id`) VALUES
(4, 'B8-97-5A-38-31-01', 'E01S1', 'HG', 'ADATA 8GB', 'FOXCONN H61MXE/-S/-B/-K', 'N/A', 'HDD WESTER DIGITAL  500GB', 'Pentium(R) Dual-Core CPU E5700 3.00GHzR', '0000-00-00', '0000-00-00', '', 'AOC', 'ADBAC02004853', 'TRUST N/A', 'GENIUS N/A', '0', 2, 2),
(5, '10-78-D2-1B-C5-2B', 'E02S1', 'HG', 'ADATA 6GB', 'FOXCONN H61MXE/-S/-B/-K', 'N/A', 'SEAGATE HDD 935GB', 'Pentium(R) Dual-Core CPU E5700  3.00GHz', '0000-00-00', '0000-00-00', '', 'SAMSUNG', '029GHCLF703030F', 'TRUST N/A', 'GENUIS N/A', '0', 2, 2),
(6, 'D0-27-88-EB-C7-25', 'E03S1', 'HG', '6GB', 'FOXCONN H61MXE/-S/-B/-K', 'N/A', 'SEAGATE HDD 935GB', 'Pentium(R) Dual-Core CPU E5700  3.00GHz', '0000-00-00', '0000-00-00', '', 'LG', '104N08PE860S', 'GENIUS N/A', 'GENIUS N/A', '0', 2, 2),
(8, '30-0E-D5-0D-D6-F8', 'E05S1', 'HG', '6GB', 'FOXCONN H61MXE/-S/-B/-K', 'N/A', 'SEAGATE HDD 935GB', 'Pentium(R) Dual-Core CPU E5700  3.00GHz', '0000-00-00', '0000-00-00', '', 'SAMSUNG', '029GHCLF704340R', 'GENIUS N/A', 'GENIUS N/A', '0', 2, 2),
(9, 'D0-27-88-EB-CC-B1', 'E06S1', 'HG', 'ADATA 4GB', 'FOXCONN H61MXE/-S/-B/-K', 'N/A', 'HDD WESTER DIGITAL 500GB', 'Pentium(R) Dual-Core CPU E5700  3.00GHz', '0000-00-00', '0000-00-00', '', 'SAMSUNG', '029GHCLF703199X', 'POWER GROUP N/A', 'GENIUS N/A', '0', 2, 2),
(10, 'C0-3F-D5-AE-21-71', 'E07S1', 'POWER GROUP', 'ADATA 4GB', 'FOXCONN H61MXE/-S/-B/-K', 'N/A', 'SEAGATE HDD 500GB', 'Intel(R) Core(TM) i3-4160', '0000-00-00', '0000-00-00', '', 'ACER', 'ETLRFODOO1133081F785', 'GENIUS N/A', 'ACER N/A', '0', 2, 2),
(11, '98-DE-D0-06-B2-64', 'E08S1', 'ARGOM', 'ADATA 8GB', 'FOXCONN H61MXE/-S/-B/-K', 'N/A', 'SEAGATE HDD 935GB', 'Pentium(R) Dual-Core CPU E5700  3.00GHz', '0000-00-00', '0000-00-00', '', 'SAMSUNG', 'O29GHCLF7034Z3T', 'GENIUS N/A', 'GENIUS N/A', '0', 2, 2),
(12, '10-78-D2-1B-C7-43', 'E09S1', 'HG', 'ADATA 8GB', 'FOXCONN H61MXE/-S/-B/-K', 'N/A', 'HDD WESTER DIGITAL  500GB', 'Pentium(R) Dual-Core CPU E5700  3.00GHz', '0000-00-00', '0000-00-00', '', 'SAMSUNG', '029GHCLFZ03033D', 'GENIUS N/A', 'GENIUS N/A', '0', 2, 2),
(13, 'D0-27-88-EB-C7-68', 'E10S1', 'HG', 'ADATA 8GB', 'FOXCONN H61MXE/-S/-B/-K', 'N/A', 'SEAGATE HDD 935GB', 'Pentium(R) Dual-Core CPU E5700  3.00GHz', '0000-00-00', '0000-00-00', '', 'LG', '303NDBPFQ541', 'GENIUS N/A', 'GENIUS N/A', '0', 2, 2),
(14, 'D0-27-88-57-31-33', 'E11S1', 'HG', 'ADATA 4GB', 'FOXCONN H61MXE/-S/-B/-K', 'N/A', 'SSD ADATA 256GB', 'Pentium(R) Dual-Core CPU E5700  3.00GHz', '0000-00-00', '0000-00-00', '', 'LG', '104NOXOE8938', 'TRUST N/A', 'GENIUS N/A', '0', 2, 2),
(15, 'D0-27-88-EC-EA-D3', 'E12S1', 'HG', 'ADATA 8GB', 'FOXCONN H61MXE/-S/-B/-K', 'N/A', 'SEAGATE HDD 935GB', 'Pentium(R) Dual-Core CPU E5700  3.00GHz', '0000-00-00', '0000-00-00', '', 'SAMSUNG', '029CSHCLF702973W', 'GENIUS N/A', 'GENIUS N/A', '0', 2, 2),
(16, 'D7-88-E9-9F-C9', 'E13S1', 'HG', 'ADATA 8GB', 'FOXCONN H61MXE/-S/-B/-K', 'N/A', 'SEAGATE HDD 500GB', 'Pentium(R) Dual-Core CPU E5700 3.00GHz', '0000-00-00', '0000-00-00', '', 'LG', '904NTXRAE898', 'TRUST N/A', 'GENIUS N/A', '0', 2, 2),
(17, 'D0-27-88-E9-9F-C9', 'E14S1', 'COMPUMAX', 'ADATA 4GB', 'FOXCONN H61MXE/-S/-B/-K', 'N/A', 'SEAGATE HDD 935GB', 'Intel(R) Core(TM) i3-4160', '0000-00-00', '0000-00-00', '', 'LG', '904NTXRAE898', 'TRUST N/A', 'GENIUS N/A', '0', 2, 2),
(19, 'B8-AE-ED-FE-C9-0D', 'E15S1', 'COMPUMAX', 'ADATA 8GB', 'ECS H81H3-M4', 'N/A', 'SEAGATE HDD 500GB', 'Intel(R) Core(TM) i3-4160', '0000-00-00', '0000-00-00', '', 'LG', '904NTYTAE906', 'TRUST N/A', 'GENIUS N/A', '0', 2, 2),
(20, 'D0-27-88-EB-C7-38', 'E17S1', 'HG', 'ADATA 8GB', 'FOXCONN H61MXE/-S/-B/-K', 'N/A', 'SEAGATE HDD 500GB', 'Pentium(R) Dual-Core CPU E5700  3.00GHz', '0000-00-00', '0000-00-00', '', 'LG', '303ND8PFQ589', 'GENIUS N/A', 'GENIUS N/A', '0', 2, 2),
(21, 'D0-27-88-EB-C8-14', 'E18S1', 'HG', 'ADATA 8GB', 'FOXCONN H61MXE/-S/-B/-K', 'N/A', 'SEAGATE HDD 935GB', 'Pentium(R) Dual-Core CPU E5700  3.00GHz', '0000-00-00', '0000-00-00', '', 'LG', '904NTEPAE892', 'TRUST N/A', 'GENIUS N/A', '0', 2, 2),
(22, '74-27-EA-05-FD-F6', 'E19S1', 'POWER GROUP', 'ADATA 8GB', 'ECS H61H2-MV', 'N/A', 'ADATA SSD 256GB', 'Intel(R) Core(TM) i3-4160', '0000-00-00', '0000-00-00', '', 'LG', '303NDAYFQ536', 'POWER GROUP N/A', 'GENIUS N/A', '0', 2, 2),
(23, 'B8-AE-ED-FF-07-8A', 'E20S1', 'COMPUMAX', 'ADATA 8GB', 'ECS H81H3-M4', 'N/A', 'HDD WESTER DIGITAL 500GB', 'Intel(R) Core(TM) i5-3330', '0000-00-00', '0000-00-00', '', 'SAMSUNG', 'MY20HVGS400546M', 'GENIUS N/A', 'GENIUS N/A', '0', 2, 2),
(25, '08-BF-B8-2A-D8-DE', 'E01S2', 'POWER GROUP', 'HIKVISION 8GB', 'ASUS PRIME B460M-A R2.0', 'N/A', 'ADATA SSD 256GB', 'Intel(R) Core(TM) i5-10400', '0000-00-00', '0000-00-00', '', 'ACER', 'MMTYAAA001328002283S', 'Power Group N/A', 'Power Group N/A', '0', 3, 2),
(26, '08-BF-B8-03-09-E7', 'E02S2', 'POWER GROUP', 'HIKVISION 8GB', 'ASUS PRIME B460M-A R2.0', 'N/A', 'ADATA SSD 256GB', 'Intel(R) Core(TM) i5-10400', '0000-00-00', '0000-00-00', '', 'ACER', 'MMLXKAA0222271A21642', 'Power Group N/A', 'Power Group N/A', '0', 3, 2),
(27, '08-BF-B8-03-09-B1', 'E03S2', 'POWER GROUP', 'HIKVISION 8GB', 'ASUS PRIME B460M-A R2.0', 'N/A', 'ADATA SSD 256GB', 'Intel(R) Core(TM) i5-10400', '0000-00-00', '0000-00-00', '', 'ACER', 'MMLXKAA0222271A215425', 'Power Group N/A', 'Power Group N/A', '0', 3, 2),
(28, '08-BF-B8-03-09-DC', 'E04S2', 'POWER GROUP', 'ADATA 4GB', 'ASUS PRIME B460M-A R2.0', 'N/A', 'SSD ADATA 256GB', 'Intel(R) Core(TM) i5-10400', '0000-00-00', '0000-00-00', '', 'ACER', 'MMLXKAA0222271A22042', 'Power Group N/A', 'Power Group N/A', '0', 3, 2),
(29, '08-BF-B8-03-0A-07', 'E05S2', 'POWER GROUP', 'HIKVISION 8GB', 'ASUS PRIME B460M-A R2.0', 'N/A', 'ADATA SSD 256GB', 'Intel(R) Core(TM) i5-10400', '0000-00-00', '0000-00-00', '', 'ACER', 'MMLXKAA02222719B7C42', 'Power Group N/A', 'Power Group N/A', '0', 3, 2),
(30, '08-BF-B8-03-0A-E5', 'E06S2', 'POWER GROUP', 'HIKVISION 8GB', 'ASUS PRIME B460M-A R2.0', 'N/A', 'SSD 256GB', 'Intel(R) Core(TM) i5-10400', '0000-00-00', '0000-00-00', '', 'ACER', 'MMLXKAA02222719B8642', 'Power Group N/A', 'Power Group N/A', '0', 3, 2),
(31, '08-BF-B8-03-0A-BE', 'E07S2', 'POWER GROUP', 'HIKVISION 8GB', 'ASUS PRIME B460M-A R2.0', 'N/A', 'ADATA SSD 256GB', 'Intel(R) Core(TM) i5-10400', '0000-00-00', '0000-00-00', '', 'ACER', 'MMLXKAA02222719B8142', 'Power Group N/A', 'Power Group N/A', '0', 3, 2),
(32, '08-BF-B8-03-11-D7', 'E08S2', 'POWER GROUP', 'HIKVISION 8GB', 'ASUS PRIME B460M-A R2.0', 'N/A', 'ADATA SSD 256GB', 'Intel(R) Core(TM) i5-10400', '0000-00-00', '0000-00-00', '', 'ACER', 'MMLXKAA02222719E9242', 'Power Group N/A', 'Power Group N/A', '0', 3, 2),
(33, '08-BF-B8-03-09-91', 'E09S2', 'POWER GROUP', 'HIKVISION 8GB', 'ASUS PRIME B460M-A R2.0', 'N/A', 'ADATA SSD 256GB', 'Intel(R) Core(TM) i5-10400', '0000-00-00', '0000-00-00', '', 'ACER', 'MMLXKAA02222719B8042', 'Power Group N/A', 'Power Group N/A', '0', 3, 2),
(34, '08-BF-B8-03-D5-AE', 'E10S2', 'POWER GROUP', 'HIKVISION 8GB', 'ASUS PRIME B460M-A R2.0', 'N/A', 'ADATA SSD 256GB', 'Intel(R) Core(TM) i5-10400', '0000-00-00', '0000-00-00', '', 'ACER', 'MMLXKAA0222271A21942', 'Trust item 21947 S/N:2012', 'Genius S/N:', '0', 3, 2),
(35, '08-BF-B8-03-09-5A', 'E11S2', 'POWER GROUP', 'HIKVISION 8GB', 'ASUS PRIME B460M-A R2.0', 'N/A', 'ADATA SSD 256GB', 'Intel(R) Core(TM) i5-10400', '0000-00-00', '0000-00-00', '', 'ACER', 'MMTYAAA0013280C12A3S', 'Genius S/N:X75244008149', 'Genius S/N:XP18S2226204', '0', 3, 2),
(36, '08-BF-B8-03-09-EE', 'E12S2', 'POWER GROUP', 'HIKVISION 8GB', 'ASUS PRIME B460M-A R2.0', 'N/A', 'ADATA SSD 256GB', 'Intel(R) Core(TM) i5-10400', '0000-00-00', '0000-00-00', '', 'ACER', 'MMLXKAA02222719E5F42', 'Power Group N/A', 'Power Group N/A', '0', 3, 2),
(37, '08-BF-B8-03-09-A5', 'E13S2', 'POWER GROUP', 'HIKVISION 8GB', 'ASUS PRIME B460M-A R2.0', 'N/A', 'ADATA SSD 256GB', 'Intel(R) Core(TM) i5-10400', '0000-00-00', '0000-00-00', '', 'ACER', 'MMLXKAA0222271B12A42', 'Power Group N/A', 'Power Group N/A', '0', 3, 2),
(38, '08-BF-B8-03-0A-DC', 'E14S2', 'POWER GROUP', 'POWER GROUP HIKVISION 8GB', 'ASUS PRIME B460M-A R2.0', 'N/A', 'ADATA SSD 256GB', 'Intel(R) Core(TM) i5-10400', '0000-00-00', '0000-00-00', '', 'ACER', 'MMLXKAA02222719B8342', 'Power Group N/A', 'Power Group N/A', '0', 3, 2),
(40, '08-BF-B8-03-09-C0', 'E16S2', 'POWER GROUP', 'HIKVISION 8GB', 'ASUS PRIME B460M-A R2.0', 'N/A', 'ADATA SSD 256GB', 'Intel(R) Core(TM) i5-10400', '0000-00-00', '0000-00-00', '', 'ACER', 'MMLXKAA02222719EA342', 'Power Group N/A', 'Power Group N/A', '0', 3, 2),
(41, '08-BF-B8-03-09-C6', 'E17S2', 'POWER GROUP', 'HIKVISION 8GB', 'ASUS PRIME B460M-A R2.0', 'N/A', 'ADATA SSD 256GB', 'Intel(R) Core(TM) i5-10400', '0000-00-00', '0000-00-00', '', 'ACER', 'MMLXKAA02222719B7F42', 'Power Group N/A', 'Power Group N/A', '0', 3, 2),
(42, '08-BF-B8-03-09-BA', 'E18S2', 'POWER GROUP', 'HIKVISION 8GB', 'ASUS PRIME B460M-A R2.0', 'N/A', 'ADATA SSD 256GB', 'Intel(R) Core(TM) i5-10400', '0000-00-00', '0000-00-00', '', 'ACER', 'MMLXKAA02222719EA,U2', 'Power Group N/A', 'Power Group N/A', '0', 3, 2),
(43, 'FC-34-97-E6-E5-87', 'E19S2', 'POWER GROUP', 'HIKVISION 8GB', 'ASUS PRIME B460M-A R2.0', 'N/A', 'SSD ADATA 256GB', 'Intel(R) Core(TM) i5-10400', '0000-00-00', '0000-00-00', 'ACTUALIZADO 28/02/2024', 'ACER', 'MMLXKAA0222271A20042', 'Power Group N/A', 'Power Group N/A', '0', 3, 2),
(44, 'FC-34-97-E6-E6-87', 'E20S2', 'POWER GROUP', 'HIKVISION 8GB', 'ASUS PRIME B460M-A R2.0', 'N/A', 'ADATA SSD 256GB', 'Intel(R) Core(TM) i5-10400', '0000-00-00', '0000-00-00', '', 'ACER', 'MMLXKAA0222271A20142', 'Power Group N/A', 'Power Group N/A', '0', 3, 2),
(45, 'B8-AE-ED-FF-07-84', 'E01S3', 'ARGOM', 'ADATA 4GB', 'H81H3-M4 1.0', 'N/A', 'WD HDD 500GB', 'Intel(R) Core(TM) i3-4160 CPU', '0000-00-00', '0000-00-00', '', 'SAMSUNG', 'ZZD3H4U202022L', 'Truts S/N:20122801596', 'Genius S/N:UD21J2317777', '0', 4, 2),
(46, '10-78-D2-1B-C7-3B', 'E02S3', 'COMPUMAX', 'ADATA 4GB', 'CS G41T-M7 1.0', 'N/A', 'WD HDD 500GB', 'Pentium(R) Dual-Core  CPU E5700', '0000-00-00', '0000-00-00', '', 'LG', '904NTJJAF372', 'Genius S/N:XP17S9405280', 'Genius S/N:ZCE142603526', '0', 4, 2),
(47, 'C0-3F-D5-AE-66-8A', 'INFO-7 DANIELA', 'ACER', 'ADATA 8GB', '', '', 'ADATA 256GB', 'NO', '0000-00-00', '0000-00-00', 'CONTRASEÑA Sistema@2023', '', '', '', '', '0', 11, 2),
(48, 'D8-5E-D3-64-B0-45', 'INFO-1 IBETH', 'NO', 'ADATA 8GB', '', '', 'NO', 'NO', '0000-00-00', '0000-00-00', 'CONTRASEÑA ITSA@22', '', '', '', '', '0', 11, 2),
(49, 'D8-5E-D3-A3-66-5D', 'INFO-2 GISETH', 'NO', 'ADATA 8GB', '', '', 'NO', 'NO', '0000-00-00', '0000-00-00', 'CONTRASEÑA Sistema@2023', '', '', '', '', '0', 11, 2),
(50, '50-EB-F6-28-B8-F2', 'INFO-3 ELIANA', 'NO', 'NO', '', '', 'NO', 'NO', '0000-00-00', '0000-00-00', 'CONTRASEÑA ITSA', '', '', '', '', '0', 11, 2),
(51, 'D8-5E-D3-A2-FA-37', 'INFO-4 YESICA', 'NO', 'NO', '', '', 'NO', 'NO', '0000-00-00', '0000-00-00', 'CONTRASEÑA Sistema@2023', '', '', '', '', '0', 11, 2),
(53, 'D8-5E-D3-64-B0-5B', 'INFO-6 OLGA', 'NO', 'NO', '', '', 'NO', 'NO', '0000-00-00', '0000-00-00', 'CONTRASEÑA ITSA@22', '', '', '', '', '0', 11, 2),
(55, 'D0-27-88-E9-A4-C1', 'AGENTE-2 YARLEY', 'NO', 'NO', 'FDFDF', 'FSDFSD', 'NO', 'NO', '2024-06-20', '2024-05-28', 'NO TIENE CONTRASEÑA', 'WWWT', 'WTWT', 'WTW', 'TWT', '0', 10, 2),
(56, '10-78-D2-1B-CF-57', 'AGENTE-3 KARY', 'NO', 'NO', '', '', 'NO', 'NO', '0000-00-00', '0000-00-00', 'CONTRASEÑA Sistema@2023', '', '', '', '', '0', 10, 2),
(57, '10-78-D2-1B-96-F3', 'AGENTE-4 MARICELA', 'NO', 'NO', '', '', 'NO', 'NO', '0000-00-00', '0000-00-00', 'CONTRASEÑA ITSA', '', '', '', '', '0', 10, 2),
(58, '10-78-D2-1B-C9-B1', 'AGENTE-5 KAROL', 'NO', 'NO', '', '', 'NO', 'NO', '0000-00-00', '0000-00-00', 'CONTRASEÑA Sistema@2023 CAMBIAR TECLADO', '', '', '', '', '0', 10, 2),
(59, 'D0-27-88-9D-9E-37', 'CARTERA-1 YERLIS', 'ACER', 'ADATA 8GB', '', '', 'NO', 'NO', '0000-00-00', '0000-00-00', 'NO TIENE USUARIO ADMINISTRADOR', '', '', '', '', '0', 9, 2),
(60, 'D0-27-88-73-09-F1', 'CARTERA-2 SINDY', 'NO', 'NO', '', '', 'NO', 'NO', '0000-00-00', '0000-00-00', 'CONTRASEÑA Sistema@2023', '', '', '', '', '0', 9, 2),
(61, 'D0-27-88-9F-91-09', 'CARTERA-3  ANGELA', 'NO', 'NO', '', '', 'NO', 'NO', '0000-00-00', '0000-00-00', 'NO TIENE USUARIO ADMINISTRADOR', '', '', '', '', '0', 9, 2),
(62, '74-27-EA-05-B1-8A', 'PAGADURIA-1', 'NO', 'NO', '', '', 'NO', 'NO', '0000-00-00', '0000-00-00', '', '', '', '', '', '0', 12, 2),
(87, '04-D4-C4-F1-D4-6D', 'E01S6', 'POWER GROUP', 'ADATA 8GB', '', '', 'WDC HDD 935GB', 'Intel(R) Core(TM) i3-9100F', '0000-00-00', '0000-00-00', '', '', '', '', '', '0', 7, 2),
(88, 'A8-5E-45-50-C0-66', 'E02S6', 'POWER GROUP', 'ADATA 8GB', '', '', 'WDC HDD 935GB', 'Intel(R) Core(TM) i3-9100F', '0000-00-00', '0000-00-00', '', '', '', '', '', '0', 7, 2),
(89, 'A8-5E-45-50-CD-0D', 'E03S6', 'POWER GROUP', 'ADATA 8GB', '', '', 'WDC HDD 935GB', 'Intel(R) Core(TM) i3-9100F', '0000-00-00', '0000-00-00', '', '', '', '', '', '0', 7, 2),
(90, 'A8-5E-45-50-CD-05', 'E04S6', 'POWER GROUP', 'ADATA 8GB', 'ASUS PRIME B365M-A', 'Nvidia Geforce GT 710', 'WDC HDD 935GB', 'Intel(R) Core(TM) i3-9100F', '0000-00-00', '0000-00-00', '06/05/2024 CAMBIO DE MOUSE LOGITECH', 'LG', '104NDGLEB327', 'LOGITECH N/A', 'Genius S/N:UD18J2C37961', '0', 7, 2),
(91, 'A8-5E-45-50-CB-47', 'E05S6', 'POWER GROUP', 'ADATA 8GB', '', '', 'WDC HDD 935GB', 'Intel(R) Core(TM) i3-9100F', '0000-00-00', '0000-00-00', '', '', '', '', '', '0', 7, 2),
(92, '04-D4-C4-F3-19-E5', 'E06S6', 'POWER GROUP', 'ADATA 8GB', '', '', 'WDC HDD 935GB', 'Intel(R) Core(TM) i3-9100F', '0000-00-00', '0000-00-00', '', '', '', '', '', '0', 7, 2),
(93, 'A8-5E-45-50-CD-09', 'E07S6', 'POWER GROUP', 'ADATA 8GB', '', '', 'WDC HDD 935GB', 'Intel(R) Core(TM) i3-9100F', '0000-00-00', '0000-00-00', '', '', '', '', '', '0', 7, 2),
(94, 'A8-5E-D4-45-C0-3A', 'E08S6', 'POWER GROUP', 'ADATA 8GB', '', '', 'WDC HDD 935GB', 'Intel(R) Core(TM) i3-9100F', '0000-00-00', '0000-00-00', '', '', '', '', '', '0', 7, 2),
(95, '04-D4-C4-F3-1B-07', 'E09S6', 'POWER GROUP', 'ADATA 8GB', '', '', 'WDC HDD 935GB', 'Intel(R) Core(TM) i3-9100F', '0000-00-00', '0000-00-00', '', '', '', '', '', '0', 7, 2),
(96, 'A8-54-45-50-CC-E8', 'E10S6', 'POWER GROUP', 'ADATA 8GB', '', '', 'WDC HDD 935GB', 'Intel(R) Core(TM) i3-9100F', '0000-00-00', '0000-00-00', '', '', '', '', '', '0', 7, 2),
(97, 'A8-5E-45-50-BF-EE', 'E11S6', 'POWER GROUP', 'ADATA 8GB', '', '', 'WDC HDD 935GB', 'Intel(R) Core(TM) i3-9100F', '0000-00-00', '0000-00-00', '', '', '', '', '', '0', 7, 2),
(98, '74-D4-35-2B-E1-19', 'E12S6', 'ARGOM', 'ADATA 8GB', '', '', 'ADATA SDD 256GB', 'Intel(R) Core(TM) i7-4790', '0000-00-00', '0000-00-00', '', '', '', '', '', '0', 7, 2),
(99, 'A8-5E-45-50-CC-62', 'E13S6', 'POWER GROUP', 'ADATA 8GB', '', '', 'WDC HDD 935GB', 'Intel(R) Core(TM) i7-4790', '0000-00-00', '0000-00-00', '', '', '', '', '', '0', 7, 2),
(100, 'A8-5E-45-50-CC-61', 'E14S6', 'POWER GROUP', 'ADATA 8GB', '', '', 'WDC HDD 935GB', 'Intel(R) Core(TM) i3-9100F', '0000-00-00', '0000-00-00', '', '', '', '', '', '0', 7, 2),
(101, 'A8-5E-45-50-CC-74', 'E15S6', 'POWER GROUP', 'ADATA 8GB', '', '', 'WDC HDD 935GB', 'Intel(R) Core(TM) i3-9100F', '0000-00-00', '0000-00-00', '', '', '', '', '', '0', 7, 2),
(102, 'A8-5E-45-50-CC-91', 'E16S6', 'POWER GROUP', 'ADATA 8GB', '', '', 'WDC HDD 935GB', 'Intel(R) Core(TM) i3-9100F', '0000-00-00', '0000-00-00', '', '', '', '', '', '0', 7, 2),
(103, '04-D4-C4-F1-D3-C1', 'E17S6', 'POWER GROUP', 'ADATA 8GB', '', '', 'WDC HDD 935GB', 'Intel(R) Core(TM) i3-9100F', '0000-00-00', '0000-00-00', '', '', '', '', '', '0', 7, 2),
(104, '0C-9D-92-77-D5-FD', 'E18S6', 'POWER GROUP', 'ADATA 8GB', '', '', 'WDC HDD 935GB', 'Intel(R) Core(TM) i3-9100F', '0000-00-00', '0000-00-00', '', '', '', '', '', '0', 7, 2),
(105, 'A8-5E-45-50-CC-55', 'E20S6', 'POWER GROUP', 'ADATA 8GB', '', '', 'WDC HDD 935GB', 'Intel(R) Core(TM) i3-9100F', '0000-00-00', '0000-00-00', '', '', '', '', '', '0', 7, 2),
(106, 'A8-5E-45-50-CD-00', 'E21S6', 'POWER GROUP', 'ADATA 8GB', 'ASUS PRIME B365M-A', 'Nvidia Geforce GT 710', 'WDC HDD 935GB', 'Intel(R) Core(TM) i3-9100F', '0000-00-00', '0000-00-00', '06/05/2024 CAMBIO DE MOUSE LOGITECH', 'LG', '104NDNUEB575', 'LOGITECH N/A', 'Genius S/N:ZCE13A701206', '0', 7, 2),
(107, 'A8-5E-45-50-CC-57', 'E22S6', 'POWER GROUP', 'ADATA 8GB', '', '', 'WDC HDD 935GB', 'Intel(R) Core(TM) i3-9100F', '0000-00-00', '0000-00-00', '', '', '', '', '', '0', 7, 2),
(108, 'A7-5E-45-50-CC-57', 'E23S6', 'POWER GROUP', 'ADATA 8GB', '', '', 'WDC HDD 935GB', 'Intel(R) Core(TM) i3-9100F', '0000-00-00', '0000-00-00', '', '', '', '', '', '0', 7, 2),
(109, 'A8-5E-45-50-CC-24', 'E24S6', 'POWER GROUP', 'ADATA 8GB', '', '', 'WDC HDD 935GB', 'Intel(R) Core(TM) i3-9100F', '0000-00-00', '0000-00-00', '', '', '', '', '', '0', 7, 2),
(110, 'A8-5E-45-50-CC-5B', 'E25S6', 'POWER GROUP', 'ADATA 8GB', '', '', 'WDC HDD 935GB', 'Intel(R) Core(TM) i3-9100F', '0000-00-00', '0000-00-00', '', '', '', '', '', '0', 7, 2),
(111, '04-D4-C4-F2-D4-6D', 'E26S6', 'POWER GROUP', 'ADATA 8GB', '', '', 'WDC HDD 935GB', 'Intel(R) Core(TM) i3-9100F', '0000-00-00', '0000-00-00', '', '', '', '', '', '0', 7, 2),
(112, 'FC-34-97-E6-E6-E5', 'E01STL', 'POWER GROUP', 'XPG GAMMIX D10 8GB', '', '', 'ADATA M.2 256GB', 'Intel(R) Core(TM) i3-10100F CPU  3.60GHz', '0000-00-00', '0000-00-00', 'ACTUALIZADO 28/02/2024', '', '', '', '', '0', 8, 2),
(113, 'FC-34-97-E6-DE-14', 'E02STL', 'POWER GROUP', 'XPG GAMMIX D10 8GB', '', '', 'ADATA M.2 256GB', 'Intel(R) Core(TM) i3-10100F CPU  3.60GHz', '0000-00-00', '0000-00-00', 'ACTUALIZADO 28/02/2024', '', '', '', '', '0', 8, 2),
(114, 'FC-34-97-E6-E7-D5', 'E03STL', 'POWER GROUP', 'XPG GAMMIX D10 8GB', '', '', 'ADATA M.2 256GB', 'Intel(R) Core(TM) i3-10100F CPU  3.60GHz', '0000-00-00', '0000-00-00', 'ACTUALIZADO 28/02/2024', '', '', '', '', '0', 8, 2),
(115, 'FC-34-97-E6-E7-C8', 'E04STL', 'POWER GROUP', 'XPG GAMMIX D10 8GB', '', '', 'ADATA M.2 256GB', 'Intel(R) Core(TM) i3-10100F CPU  3.60GHz', '0000-00-00', '0000-00-00', 'ACTUALIZADO 28/02/2024', '', '', '', '', '0', 8, 2),
(116, 'FC-34-97-E6-E8-3E', 'E05STL', 'POWER GROUP', 'XPG GAMMIX D10 8GB', '', '', 'ADATA M.2 256GB', 'Intel(R) Core(TM) i3-10100F CPU  3.60GHz', '0000-00-00', '0000-00-00', 'ACTUALIZADO 28/02/2024', '', '', '', '', '0', 8, 2),
(117, 'FC-34-97-E6-DF-8A', 'E06STL', 'POWER GROUP', 'XPG GAMMIX D10 8GB', '', '', 'ADATA M.2 256GB', 'Intel(R) Core(TM) i3-10100F CPU  3.60GHz', '0000-00-00', '0000-00-00', 'ACTUALIZADO 28/02/2024', '', '', '', '', '0', 8, 2),
(118, 'FC-34-97-E6-FE-E4', 'E07STL', 'POWER GROUP', 'XPG GAMMIX D10 8GB', '', '', 'ADATA M.2 256GB', 'Intel(R) Core(TM) i3-10100F CPU  3.60GHz', '0000-00-00', '0000-00-00', 'ACTUALIZADO 28/02/2024', '', '', '', '', '0', 8, 2),
(119, 'FC-34-97-E6-E7-EF', 'PC-DANIELA', 'POWER GROUP', 'XPG GAMMIX D10 8GB', '', '', 'ADATA M.2 256GB', 'Intel(R) Core(TM) i3-10100F CPU  3.60GHz', '0000-00-00', '0000-00-00', 'ACTUALIZADO 28/02/2024', '', '', '', '', '0', 10, 2),
(120, 'FC-34-97-E6-05-73', 'E08STL', 'POWER GROUP', 'XPG GAMMIX D10 8GB', '', '', 'ADATA M.2 256GB', 'Intel(R) Core(TM) i3-10100F CPU  3.60GHz', '0000-00-00', '0000-00-00', 'ACTUALIZADO 28/02/2024', '', '', '', '', '0', 8, 2),
(121, 'FC-34-97-E6-FE-E5', 'E10STL', 'POWER GROUP', 'XPG GAMING D10 8GB', '', '', 'HP M.2 256GB', 'Intel(R) Core(TM) i3-10100F CPU  3.60GHz', '0000-00-00', '0000-00-00', 'ACTUALIZADO 28/02/2024', '', '', '', '', '0', 8, 2),
(122, 'FC-34-97-E6-E4-87', 'E11STL', 'POWER GROUP', 'XPG GAMMIX D10 8GB', '', '', 'ADATA M.2 256GB', 'Intel(R) Core(TM) i3-10100F CPU  3.60GHz', '0000-00-00', '0000-00-00', 'ACTUALIZADO 28/02/2024', '', '', '', '', '0', 8, 2),
(123, 'FC-34-97-E6-E7-E6', 'E12STL', 'POWER GROUP', 'XPG GAMMIX D10 8GB', '', '', 'ADATA M.2 256GB', 'Intel(R) Core(TM) i3-10100F CPU  3.60GHz', '0000-00-00', '0000-00-00', 'ACTUALIZADO 28/02/2024', '', '', '', '', '0', 8, 2),
(124, 'FC-34-97-E6-F6-DE', 'E13STL', 'POWER GROUP', 'XPG GAMMIX D10 8GB', '', '', 'ADATA M.2 256GB', 'Intel(R) Core(TM) i3-10100F CPU  3.60GHz', '0000-00-00', '0000-00-00', 'ACTUALIZADO 28/02/2024', '', '', '', '', '0', 8, 2),
(125, 'FC-34-97-E6-E5-A2', 'E14STL', 'POWER GROUP', 'XPG GAMMIX D10 8GB', '', '', 'ADATA M.2 256GB', 'Intel(R) Core(TM) i3-10100F CPU  3.60GHz', '0000-00-00', '0000-00-00', 'ACTUALIZADO 28/02/2024', '', '', '', '', '0', 8, 2),
(126, 'FC-34-97-E7-05-F6', 'E15STL', 'POWER GROUP', 'XPG GAMMIX D10 8GB', '', '', 'ADATA M.2 256GB', 'Intel(R) Core(TM) i3-10100F CPU  3.60GHz', '0000-00-00', '0000-00-00', 'ACTUALIZADO 28/02/2024', '', '', '', '', '0', 8, 2),
(127, 'FC-34-97-E6-E4-D4', 'E17STL', 'POWER GROUP', 'XPG GAMMIX D10 8GB', '', '', 'ADATA M.2 256GB', 'Intel(R) Core(TM) i3-10100F CPU  3.60GHz', '0000-00-00', '0000-00-00', 'ACTUALIZADO 28/02/2024', '', '', '', '', '0', 8, 2),
(128, 'FC-34-97-E7-07-33', 'E09STL', 'POWER GROUP', 'XPG GAMING D10 8GB', '', '', 'HP M.2 256GB', 'Intel(R) Core(TM) i3-10100F CPU  3.60GHz', '0000-00-00', '0000-00-00', 'ACTUALIZADO 28/02/2024', '', '', '', '', '0', 8, 2),
(129, 'C0-3F-D5-AE-24-3B', 'E18STL', 'POWER GROUP', 'ADATA 4BG DDR3', '', '', 'WD 500GB', 'Intel Pentium G2030', '0000-00-00', '0000-00-00', 'ACTUALIZADO 28/02/2024', '', '', '', '', '0', 8, 2),
(132, '00-02-2A-F2-94-80', 'E16S1', 'HG', 'ADATA 8GB', 'ECS G41T-M7', 'N/A', 'ESTADO SOLIDO ADATA 256GB', 'Intel(R) Pentium(R) CPU G2020', '0000-00-00', '0000-00-00', '', 'LG', '303NDFVF0611', 'GENIUS N/A', 'GENIUS N/A', '0', 2, 1),
(133, 'B8-AE-ED-FB-75-86', 'E04S1', 'HG', 'ADATA  4GB', 'ECS H81H3-M4 1.0', 'N/A', 'HDD WESTER DIGITAL 1TB', 'Intel(R) Core(TM) i3-4160 CPU', '0000-00-00', '0000-00-00', '', 'LG', '904NTLEAE984', 'GENIUS N/A', 'GENIUS N/A', '0', 2, 2),
(134, '08-BF-B8-03-0E-34', 'E15S2', 'POWER GROUP', 'HIKVISION 8GB', 'ASUS PRIME B460M-A R2.0', 'N/A', 'SSD ADATA 256GB', 'ASUS PRIME B460M-A R2.0', '0000-00-00', '0000-00-00', '', 'Power Group N/A', '', 'ACER', 'MMLXKAA02222719E8F42', '0', 3, 2),
(135, 'B8-AE-ED-FB-78-8A', 'E03S3', 'COMPUMAX', 'ADATA 2GB', 'ECS H81H3-M4 1.0', 'N/A', 'HDD WESTER DIGITAL  500GB', 'Intel(R) Core(TM) i3-4160 CPU', '0000-00-00', '0000-00-00', '', 'LG', '303NDBPFQ613', 'Genius S/N:167068603002', 'Genius S/N:ZCE0C4502776', '0', 4, 2),
(136, 'B8-AE-ED-FF-02-4D', 'E04S3', 'COMPUMAX', 'ADATA 8GB', 'ECS H81H3-M4 1.0', 'N/A', 'HDD WESTER DIGITAL  500GB', 'Intel(R) Core(TM) i3-4160 CPU', '0000-00-00', '0000-00-00', '', 'SAMSUNG', '029GHCL703225K', 'Genius S/N:', 'Genius S/N:ZCE142603523', '0', 4, 2),
(137, 'B8-AE-ED-FB-75-87', 'E05S3', 'COMPUMAX', 'ADATA 4GB', 'ECS H81H3-M4 1.0', 'N/A', 'HDD WESTER DIGITAL  500GB', 'Intel(R) Core(TM) i3-4160 CPU', '0000-00-00', '0000-00-00', '', 'LG', '104NOTCEC74S', 'Genius S/N:', 'Genius S/N:UD20J2A18961', '0', 4, 2),
(138, '74-27-EA-06-01-C4', 'E06S3', 'COMPUMAX', 'ADATA 4GB', 'ECS H81H3-M4 1.0', 'N/A', 'HDD WESTER DIGITAL  500GB', 'Intel(R) Core(TM) i3-4160 CPU', '0000-00-00', '0000-00-00', '', 'LG', '104NDFVE8627', 'Truts S/N:20122811094', 'Genius S/N:ZCE151103163', '0', 4, 2),
(139, 'B8-AE-ED-FB-78-0F', 'E07S3', 'COMPUMAX', 'ADATA 4GB', 'ECS H81H3-M4 1.0', 'N/A', 'HDD WESTER DIGITAL  500GB', 'Intel(R) Core(TM) i3 CPU 540', '0000-00-00', '0000-00-00', '', 'Truts S/N:20122811419', '', 'LG', '303NOPHfQ592', '0', 4, 2),
(140, 'B8-AE-ED-F8-D7-43', 'E08S3', 'COMPUMAX', 'ADATA 8GB', 'ECS H81H3-M4 1.0', 'N/A', 'HDD WESTER DIGITAL  500GB', 'Intel(R) Core(TM) i3 CPU 540', '0000-00-00', '0000-00-00', '', 'LG', '510NTNH40519', 'Genius S/N:373194701834', 'Genius S/N:ZCE142603527', '0', 4, 2),
(146, 'B8-AE-ED-FF-05-B8', 'E09S3', 'COMPUMAX', 'ADATA 8GB', 'ECS G41T-M7 1.0', 'N/A', 'HDD WESTER DIGITAL  500GB', 'Pentium(R) Dual-Core  CPU      E5700', '0000-00-00', '0000-00-00', '', 'LG', '904MTYTAE690', 'Genius S/N:373194701834', 'Genius S/N:ZCE142603527', '0', 4, 2),
(150, '10-78-D2-1B-98-AC', 'E11S3', 'COMPUMAX', 'ADATA 4GB', 'ECS G41T-M7 1.0', 'N/A', 'HDD WESTER DIGITAL', 'Pentium(R) Dual-Core  CPU E5700', '0000-00-00', '0000-00-00', '', 'ACER', 'ETLRFODOO1320E78C852', 'Genius S/N:X8K94883016910', 'Genius S/N:ZCE142603525', '0', 4, 2),
(163, '00-30-67-94-B1-3C', 'E12S3', 'HG', 'ADATA 4GB', 'ECS H81H3-M4 1.0', 'N/A', 'HDD WESTER DIGITAL  500GB', 'Pentium(R) Dual-Core  CPU      E5700', '2024-05-01', '2024-05-02', '', 'LG', '105NDAY4N176', 'Genius S/N:373194701833', 'Genius S/N:ZCE142603528', '', 4, 2),
(164, 'B8-AE-ED-FF-04-9C', 'E13S3', 'HG', 'ADATA 2GB', 'ECS H81H3-M4 1.0', 'N/A', 'HDD WESTER DIGITAL  500GB', 'Intel(R) Core(TM) i3-4160 CPU', '2024-05-01', '2024-05-02', '', 'LG', '510NTKF40157', 'Truts S/N:20122811432', 'Genius S/N:ZCE150100392', '', 4, 2),
(165, 'B8-AE-ED-FF-05-B0', 'E14S3', 'HG', 'ADATA 4GB', 'ECS H81H3-M4 1.0', 'N/A', 'HDD WESTER DIGITAL  500GB', 'Intel(R) Core(TM) i3-4160 CPU', '2024-05-01', '2024-05-02', '', 'SAMSUNG', 'V8B3H9NZA072SIM', 'Genius S/N:188726905366', 'Genius S/N:ZCE150104314', '', 4, 2),
(166, 'B8-AE-ED-FF-08-1F', 'E15S3', 'COMPUMAX', 'ADATA 4GB', 'ECS H81H3-M4 1.0', 'N/A', 'HDD WESTER DIGITAL  500GB', 'Intel(R) Core(TM) i3-4160 CPU', '2024-05-01', '2024-05-02', '', 'LG', '904MTRLAE734', 'OHG S/N:2013060702653', 'Genius S/N:ZCE151103168', '', 4, 2),
(167, '0A-E0-AF-D1-14-69', 'E16S3', 'COMPUMAX', 'ADATA 4GB', 'ECS H81H3-M4 1.0', 'N/A', 'HDD WESTER DIGITAL  500GB', 'Intel(R) Core(TM) i3-3220 CPU', '2024-05-01', '2024-05-02', '', 'LG', '904NTVSAE831', 'Genius S/N:X75244008112', 'Genius S/N:UD18J2C37962', '', 4, 2),
(168, 'D0-27-88-9F-90-08', 'E17S3', 'COMPUMAX', 'ADATA 4GB', 'ECS H81H3-M4 1.0', 'N/A', 'HDD WESTER DIGITAL  500GB', 'Intel(R) Core(TM) i3-3220 CPU', '2024-05-01', '2024-05-02', '', 'LG', '904NTJJAE900', 'Genius S/N:X8A94621701776', 'Genius S/N:', '', 4, 2),
(169, 'B8-AE-ED-FF-03-FB', 'E18S3', 'COMPUMAX', 'ADATA 4GB', 'ECS H81H3-M4 1.0', 'N/A', 'HDD WESTER DIGITAL  500GB', 'Intel(R) Core(TM) i3-4160 CPU', '2024-05-01', '2024-05-02', '', 'LG', '904NTJJAE900', 'Genius S/N:X8A94621701776', 'Genius S/N:', '', 4, 2),
(170, '10-78-D2-26-F5-90', 'E19S3', 'HG', 'ADATA 4GB', 'ECS G41T-M7 1.0', 'N/A', 'HDD WESTER DIGITAL  500GB', 'Pentium(R) Dual-Core  CPU      E5700', '0000-00-00', '0000-00-00', '', 'ACER', 'ETLRF0D000011320F83A', 'Genius S/N:X9C94919219849', 'Genius S/N:WE2492036841', '', 4, 2),
(171, 'C0-3F-D5-AE-24-39', 'E20S3', 'HG', 'ADATA 4GB', 'ECS H61H2-MV 1.0', 'N/A', 'HDD HITACHI  500GB', 'Pentium(R) Dual-Core  CPU      E5700', '0000-00-00', '0000-00-00', '', 'SAMSUNG', 'O29GHCLF704076Y', 'Genius S/N:X8A94621701776', 'Genius S/N:', '', 4, 2),
(172, '0C-9D-92-C1-30-83', 'E01S4', 'POWER GROUP', 'HIKVISION 8GB', 'ASUSTEK B360M-PLUS', 'NVIDIA GEFORCE GT 710', 'HDD WESTER DIGITAL 500GB', 'Intel(R) Core(TM) i3-9100F CPU', '0000-00-00', '0000-00-00', '', 'ACER', 'MMLY6AAA01490410E938', 'LOGITECH 1916HS00ALZ8', 'LOGITECH 1919MR0F82D8', '', 5, 2),
(173, '0C-9D-92-BE-DC-FE', 'E02S4', 'POWER GROUP', 'HIKVISION 8GB', 'ASUSTEK B360M-PLUS', 'NVIDIA GEFORCE GT 710', 'HDD WESTER DIGITAL 500GB', 'Intel(R) Core(TM) i3-9100F CPU', '0000-00-00', '0000-00-00', '', 'ACER', 'MMLY6AA01490410EA285', 'LOGITECH 1916HS057UX8', 'LOGITECH 1919MR0F25D8', '', 5, 2),
(174, '0C-9D-92-BF-DC-EC', 'E03S4', 'POWER GROUP', 'HIKVISION 8GB', 'ASUSTEK B360M-PLUS', 'NVIDIA GEFORCE GT 710', 'HDD WESTER DIGITAL 500GB', 'Intel(R) Core(TM) i3-9100F CPU', '0000-00-00', '0000-00-00', '', 'ACER', 'MMLY6AAOi4904iOEA08S', 'GENIUS X7F93924500881', 'LOGITECH 1919MR0F25B8', '', 5, 2),
(175, '0C-9D-92-C0-D4-3F', 'E04S4', 'POWER GROUP', 'HIKVISION 8GB', 'ASUSTEK B360M-PLUS', 'NVIDIA GEFORCE GT 710', 'HDD WESTER DIGITAL 500GB', 'Intel(R) Core(TM) i3-9100F CPU', '0000-00-00', '0000-00-00', '', 'LG', '103NTFALR8S1', 'LOGITECH 1916HS056GN8', 'LOGITECH 1919MR0F25C8', '', 5, 2),
(176, '0C-9D-92-C1-CD-48', 'E05S4', 'POWER GROUP', 'HIKVISION 8GB', 'ASUSTEK B360M-PLUS', 'NVIDIA GEFORCE GT 710', 'HDD WESTER DIGITAL 500GB', 'Intel(R) Core(TM) i3-9100F CPU', '0000-00-00', '0000-00-00', '', 'ACER', 'MMLY6AA01490410EAS8S', 'ACER MS1120007914001834', 'LOGITECH 1919MR0F82E8', '', 5, 2),
(177, '0C-9D-92-C0-D7-89', 'E06S4', 'POWER GROUP', 'HIKVISION 8GB', 'ASUSTEK B360M-PLUS', 'NVIDIA GEFORCE GT 710', 'HDD WESTER DIGITAL 500GB', 'Intel(R) Core(TM) i3-9100F CPU', '0000-00-00', '0000-00-00', '', 'ACER', 'MMLY6AA01490410EA885', 'LOGITECH 1916HS0569R8', 'LOGITECH 1919MR0F82B8', '', 5, 2),
(178, '0C-9D-92-C1-C8-CD', 'E07S4', 'POWER GROUP', 'HIKVISION 8GB', 'ASUSTEK B360M-PLUS', 'NVIDIA GEFORCE GT 710', 'HDD WESTER DIGITAL 500GB', 'Intel(R) Core(TM) i3-9100F CPU', '0000-00-00', '0000-00-00', '', 'ACER', 'MMLY6AAOi490410EAF85', 'LOGITECH 1916HS056BV8', 'LOGITECH 1919MR0F2668', '', 5, 2),
(179, '0C-9D-92-C1-D0-D8', 'E08S4', 'POWER GROUP', 'HIKVISION 8GB', 'ASUSTEK B360M-PLUS', 'NVIDIA GEFORCE GT 710', 'HDD WESTER DIGITAL 500GB', 'Intel(R) Core(TM) i3-9100F CPU', '0000-00-00', '0000-00-00', '', 'ACER', 'MMLY6AA01490410EA185', 'LOGITECH 1919HS00GFS8', 'LOGITECH 1919MR0F82C8', '', 5, 2),
(180, '04-92-26-BF-62-6E', 'E09S4', 'POWER GROUP', 'HIKVISION 8GB', 'ASUSTEK B360M-PLUS', 'NVIDIA GEFORCE GT 710', 'HDD WESTER DIGITAL 500GB', 'Intel(R) Core(TM) i3-9100F CPU', '0000-00-00', '0000-00-00', '', 'ACER', 'MMLY6AA0149041074385', 'GENIUS X9C94919219884', 'LOGITECH 1919MR0ED5F8', '', 5, 2),
(181, '0C-9D-92-C1-2D-B2', 'E10S4', 'POWER GROUP', 'HIKVISION 8GB', 'ASUSTEK B360M-PLUS', 'NVIDIA GEFORCE GT 710', 'HDD WESTER DIGITAL 500GB', 'Intel(R) Core(TM) i3-9100F CPU', '0000-00-00', '0000-00-00', '', 'LG', '211NTAB8R976', 'GENIUS X5L91998301573', 'LOGITECH 1919MR0ED608', '', 5, 2),
(182, '0C-9D-92-C1-CA-71', 'E11S4', 'POWER GROUP', 'HIKVISION 8GB', 'ASUSTEK B360M-PLUS', 'NVIDIA GEFORCE GT 710', 'HDD WESTER DIGITAL 500GB', 'Intel(R) Core(TM) i3-9100F CPU', '0000-00-00', '0000-00-00', '', 'ACER', 'MMLY6AA014904iOEB88S', 'LOGITECH 1916HS00AK48', 'LOGITECH 1919MR0F2648', '', 5, 2),
(183, '0C-9D-92-BF-DB-A6', 'E12S4', 'POWER GROUP', 'HIKVISION 8GB', 'ASUSTEK B360M-PLUS', 'NVIDIA GEFORCE GT 710', 'HDD WESTER DIGITAL 500GB', 'Intel(R) Core(TM) i3-9100F CPU', '0000-00-00', '0000-00-00', '', 'ACER', 'MMLY6AA01490410EA685', 'LOGITECH 1916HS00BM48', 'OHG 2013061702279', '', 5, 2),
(184, '0C-9D-92-C1-30-2D', 'E13S4', 'POWER GROUP', 'HIKVISION 8GB', 'ASUSTEK B360M-PLUS', 'NVIDIA GEFORCE GT 710', 'HDD WESTER DIGITAL 500GB', 'Intel(R) Core(TM) i3-9100F CPU', '0000-00-00', '0000-00-00', '', 'ACER', 'MMLY6AA01490410EA385', 'LOGITECH 1916HS052UM8', 'LOGITECH 1919MR0ED628', '', 5, 2),
(185, '0C-9D-92-C0-DA-63', 'E14S4', 'POWER GROUP', 'HIKVISION 8GB', 'ASUSTEK B360M-PLUS', 'NVIDIA GEFORCE GT 710', 'HDD WESTER DIGITAL 500GB', 'Intel(R) Core(TM) i3-9100F CPU', '0000-00-00', '0000-00-00', '', 'ACER', 'MMLY6AA01490410E9485', 'LOGITECH 1916HS056GW8', 'LOGITECH 1919MR0F2638', '', 5, 2),
(186, '04-92-26-BF-94-49', 'E15S4', 'POWER GROUP', 'HIKVISION 8GB', 'ASUSTEK B360M-PLUS', 'NVIDIA GEFORCE GT 710', 'HDD WESTER DIGITAL 500GB', 'Intel(R) Core(TM) i3-9100F CPU', '0000-00-00', '0000-00-00', '', 'ACER', 'MMLY6AA01490410EA485', 'LOGITECH 1916HS0569S8', 'LOGITECH 1919MR0ED618', '', 5, 2),
(187, 'D8-5E-D3-A3-04-E4', 'E16S4', 'COMPUMAX', 'HIKVISION 8GB', 'ASUSTEK B360M-PLUS', 'N/A', 'ESTADO SOLIDO ADATA 256GB', 'Intel(R) Core(TM) i3-10105 CPU', '0000-00-00', '0000-00-00', '', 'COMPUMAX', 'COM2022CM2203164', 'POWERGROUP 051256962', 'POWERGROUP 051256962', '', 5, 2),
(188, 'D8-5E-D3-A3-0A-92', 'E17S4', 'COMPUMAX', 'HIKVISION 8GB', 'Gigabyte Technology H51M', 'N/A', 'ESTADO SOLIDO ADATA 256GB', 'Intel(R) Core(TM) i3-10105 CPU', '0000-00-00', '0000-00-00', '', 'COMPUMAX', 'COM2022CM2203167', 'POWERGROUP 051256956', 'POWERGROUP 051256956', '', 5, 2),
(189, 'D8-5E-D3-A3-05-1F', 'E18S4', 'COMPUMAX', 'HIKVISION 8GB', 'Gigabyte Technology H51M', 'N/A', 'ESTADO SOLIDO ADATA 256GB', 'Intel(R) Core(TM) i3-10105 CPU', '0000-00-00', '0000-00-00', '', 'LG', '104NOTCEB017', 'POWER GROUP 051256954', 'POWER GROUP 051256954', '', 5, 2),
(190, 'D8-5E-D3-A3-02-C7', 'E19S4', 'COMPUMAX', 'HIKVISION 8GB', 'Gigabyte Technology H51M', 'N/A', 'ESTADO SOLIDO ADATA 256GB', 'Intel(R) Core(TM) i3-10105 CPU', '0000-00-00', '0000-00-00', '', 'ACER', 'ETLRFODOOi1320E8688S', 'POWER GROUP 051256957', 'POWER GROUP 051256957', '', 5, 2),
(191, '08-BF-B8-2A-D9-4B', 'E01S5', 'POWER GROUP', 'HIKVISION 8GB', 'ASUS PRIME H510M-K R2.0', 'N/A', 'HS-SSD-DESIRER 512GB', 'INTEL CORE I5-10400', '0000-00-00', '0000-00-00', '', 'ACER', 'MMTYAAA0013280013280', 'GENIUS S/N: 2302MR013869', 'GENIUS S/N: 2302MR013869', '', 6, 2),
(192, '08-BF-B8-2A-D5-AD', 'E02S5', 'POWER GROUP', 'HIKVISION 8GB', 'ASUS PRIME H510M-K R2.0', 'N/A', 'HS-SSD-DESIRER 512GB', 'INTEL CORE I5-10400', '0000-00-00', '0000-00-00', '', 'ACER', 'MMTYAAA0013280013280', 'GENIUS S/N: 2302MR013835', 'GENIUS S/N: 2302MR013835', '', 6, 2),
(193, '08-BF-B8-2A-D9-10', 'E03S5', 'POWER GROUP', 'HIKVISION 8GB', 'ASUS PRIME H510M-K R2.0', 'N/A', 'HS-SSD-DESIRER 512GB', 'INTEL CORE I5-10400', '0000-00-00', '0000-00-00', '', 'ACER', 'MMTYAAA0013280013280', 'GENIUS S/N: 2302MR007319', 'GENIUS S/N: 2302MR007319', '', 6, 2),
(194, '08-BF-B8-2A-D9-18', 'E04S5', 'POWER GROUP', 'HIKVISION 8GB', 'ASUS PRIME H510M-K R2.0', 'N/A', 'HS-SSD-DESIRER 512GB', 'INTEL CORE I5-10400', '0000-00-00', '0000-00-00', '', 'ACER', 'MMTE2AA00121502B7E3L', 'GENIUS S/N: 2302MR007329', 'GENIUS S/N: 2302MR007329', '', 6, 2),
(195, '08-BF-B8-2A-D9-49', 'E05S5', 'POWER GROUP', 'HIKVISION 8GB', 'ASUS PRIME H510M-K R2.0', 'N/A', 'HS-SSD-DESIRER 512GB', 'INTEL CORE I5-10400', '0000-00-00', '0000-00-00', '', 'ACER', 'MMTYAAA0013280013280', 'GENIUS S/N: 2302MR007349', 'GENIUS S/N: 2302MR007349', '', 6, 2),
(196, '08-BF-B8-2A-D8-D5', 'E06S5', 'POWER GROUP', 'HIKVISION 8GB', 'ASUS PRIME H510M-K R2.0', 'N/A', 'HS-SSD-DESIRER 512GB', 'INTEL CORE I5-10400', '0000-00-00', '0000-00-00', '', 'ACER', 'MMTYAAA0013280013220', 'GENIUS S/N: 2302MR007339', 'GENIUS S/N: 2302MR007339', '', 6, 2),
(197, '08-BF-B8-2A-D8-FB', 'E07S5', 'POWER GROUP', 'HIKVISION 8GB', 'ASUS PRIME H510M-K R2.0', 'N/A', 'HS-SSD-DESIRER 512GB', 'INTEL CORE I5-10400', '0000-00-00', '0000-00-00', '', 'ACER', 'MMTYAAA0013280013280', 'GENIUS S/N: 2302MR0134F9', 'GENIUS S/N: 2302MR0134F9', '', 6, 2),
(198, '08-BF-B8-2A-D8-8F', 'E08S5', 'POWER GROUP', 'HIKVISION 8GB', 'ASUS PRIME H510M-K R2.0', 'N/A', 'HS-SSD-DESIRER 512GB', 'INTEL CORE I5-10400', '0000-00-00', '0000-00-00', '', 'ACER', 'MMTYAAA0013280013280', 'GENIUS S/N: 2302MR0134D9', 'GENIUS S/N: 2302MR0134D9', '', 6, 2),
(199, '08-BF-B8-2A-D7-D0', 'E09S5', 'POWER GROUP', 'HIKVISION 8GB', 'ASUS PRIME H510M-K R2.0', 'N/A', 'HS-SSD-DESIRER 512GB', 'INTEL CORE I5-10400', '0000-00-00', '0000-00-00', '', 'ACER', 'MMTYAAA0013280013280', 'GENIUS S/N: 2302MR013509', 'GENIUS S/N: 2302MR013509', '', 6, 2),
(200, '08-BF-B8-2A-D5-AE', 'E10S5', 'POWER GROUP', 'HIKVISION 8GB', 'ASUS PRIME H510M-K R2.0', 'N/A', 'HS-SSD-DESIRER 512GB', 'INTEL CORE I5-10400', '0000-00-00', '0000-00-00', '', 'ACER', 'MMTYAAA0013280013280', 'GENIUS S/N: 2302MR0134E9', 'GENIUS S/N: 2302MR0134E9', '', 6, 2),
(201, '08-BF-B8-2A-D9-70', 'E11S5', 'POWER GROUP', 'HIKVISION 8GB', 'ASUS PRIME H510M-K R2.0', 'N/A', 'HS-SSD-DESIRER 512GB', 'INTEL CORE I5-10400', '0000-00-00', '0000-00-00', '', 'ACER', 'MMTYAAA0013280013280', 'GENIUS S/N: 2302MR013569', 'GENIUS S/N: 2302MR013569', '', 6, 2),
(202, '08-BF-B8-2A-D8-E2', 'E12S5', 'POWER GROUP', 'HIKVISION 8GB', 'ASUS PRIME H510M-K R2.0', 'N/A', 'HS-SSD-DESIRER 512GB', 'INTEL CORE I5-10400', '0000-00-00', '0000-00-00', '', 'ACER', 'MMTYAAA0013280013280', 'GENIUS S/N: 2302MR013559', 'GENIUS S/N: 2302MR013559', '', 6, 2),
(203, '08-BF-B8-2A-D9-71', 'E13S5', 'POWER GROUP', 'HIKVISION 8GB', 'ASUS PRIME H510M-K R2.0', 'N/A', 'HS-SSD-DESIRER 512GB', 'INTEL CORE I5-10400', '0000-00-00', '0000-00-00', '', 'ACER', 'MMTYAAA0013280013280', 'GENIUS S/N: 2302MR013579', 'GENIUS S/N: 2302MR013579', '', 6, 2),
(204, '08-BF-B8-2A-C1-36', 'E14S5', 'POWER GROUP', 'HIKVISION 8GB', 'ASUS PRIME H510M-K R2.0', 'N/A', 'HS-SSD-DESIRER 512GB', 'INTEL CORE I5-10400', '0000-00-00', '0000-00-00', '', 'ACER', 'MMTYAAA0013280013280', 'GENIUS S/N: 2302MR013589', 'GENIUS S/N: 2302MR013589', '', 6, 2),
(205, '08-BF-B8-2A-D8-FA', 'E15S5', 'POWER GROUP', 'HIKVISION 8GB', 'ASUS PRIME H510M-K R2.0', 'N/A', 'HS-SSD-DESIRER 512GB', 'INTEL CORE I5-10400', '0000-00-00', '0000-00-00', '', 'ACER', 'MMTYAAA0013280013280', 'GENIUS S/N: 2302MR007369', 'GENIUS S/N: 2302MR007369', '', 6, 2),
(206, '08-BF-B8-2A-D8-AE', 'E16S5', 'POWER GROUP', 'HIKVISION 8GB', 'ASUS PRIME H510M-K R2.0', 'N/A', 'HS-SSD-DESIRER 512GB', 'INTEL CORE I5-10400', '0000-00-00', '0000-00-00', '', 'ACER', 'MMTYAAA0013280013280', 'GENIUS S/N: 2302MR007389', 'GENIUS S/N: 2302MR007389', '', 6, 2),
(207, '08-BF-B8-2A-D8-E7', 'E17S5', 'POWER GROUP', 'HIKVISION 8GB', 'ASUS PRIME H510M-K R2.0', 'N/A', 'HS-SSD-DESIRER 512GB', 'INTEL CORE I5-10400', '0000-00-00', '0000-00-00', '', 'ACER', 'MMTYAAA0013280013280', 'GENIUS S/N: 2302MR007379', 'GENIUS S/N: 2302MR007379', '', 6, 2),
(208, '08-BF-B8-2A-D6-6F', 'E18S5', 'POWER GROUP', 'HIKVISION 8GB', 'ASUS PRIME H510M-K R2.0', 'N/A', 'HS-SSD-DESIRER 512GB', 'INTEL CORE I5-10400', '0000-00-00', '0000-00-00', '', 'ACER', 'MMTYAAA0013280013280', 'GENIUS S/N: 2302MR007359', 'GENIUS S/N: 2302MR007359', '', 6, 2),
(209, '08-BF-B8-2A-D9-40', 'E19S5', 'POWER GROUP', 'HIKVISION 8GB', 'ASUS PRIME H510M-K R2.0', 'N/A', 'HS-SSD-DESIRER 512GB', 'INTEL CORE I5-10400', '0000-00-00', '0000-00-00', '', 'ACER', 'MMTYAAA0013280013280', 'GENIUS S/N: 2302MR0135D9', 'GENIUS S/N: 2302MR0135D9', '', 6, 2),
(213, '001', 'IMPRESORA INVESTIGACIONES', 'HP Laserjet P1606dn', 'N/A', 'N/A', 'N/A', 'N/A', 'N/A', '0000-00-00', '0000-00-00', 'fecha mantenimiento 29-11-2023 - IP= 172.18.2.0', 'N/A', 'N/A', 'N/A', 'N/A', 'N/A', 13, 2),
(214, '94-53-30-13-FA-99', 'IMPRESORA ASESOR 1', 'HP Lasertjet P1102w', 'N/A', 'N/A', 'N/A', 'N/A', 'N/A', '0000-00-00', '0000-00-00', 'fecha de mantenimiento 04-03-2024 - IP= 172.110.0.202', 'N/A', 'N/A', 'N/A', 'N/A', 'N/A', 13, 2),
(215, '08-ED-B9-5B-13-15', 'IMPRESORA ASESOR 2', 'HP Lasertjet P1102w', 'N/A', 'N/A', 'N/A', 'N/A', 'N/A', '0000-00-00', '0000-00-00', 'fecha de mantenimiento 07-11-2023 - IP= 172.110.1.84', 'N/A', 'N/A', 'N/A', 'N/A', 'N/A', 13, 2),
(216, '004', 'IMPRESORA RECEPCION', 'HP Lasertjet P1102w', 'N/A', 'N/A', 'N/A', 'N/A', 'N/A', '0000-00-00', '0000-00-00', 'fecha mantenimiento 29-11-2023', 'N/A', 'N/A', 'N/A', 'N/A', 'N/A', 13, 2),
(217, '005', 'IMPRESORA CARTERA', 'LaserJet 107w', 'N/A', 'N/A', 'N/A', 'N/A', 'N/A', '0000-00-00', '0000-00-00', 'fecha mantenimiento 29-11-2023', 'N/A', 'N/A', 'N/A', 'N/A', 'N/A', 13, 2),
(218, '94-53-30-4E-5A-2F', 'IMPRESORA CALIDAD', 'HP LaserJet P1102w', 'N/A', 'N/A', 'N/A', 'N/A', 'N/A', '0000-00-00', '0000-00-00', 'fecha mantenimiento 29-11-2023 - IP= 172.110.1.135', 'N/A', 'N/A', 'N/A', 'N/A', 'N/A', 13, 2),
(219, 'F4-CE-46-41-FD-C7', 'IMPRESORA REGISTRO 1', 'HP LaserJet P1102w', 'N/A', 'N/A', 'N/A', 'N/A', 'N/A', '0000-00-00', '0000-00-00', 'fecha mantenimiento 29-11-2023 - IP= 172.18.3.201', 'N/A', 'N/A', 'N/A', 'N/A', 'N/A', 13, 2),
(220, '008', 'IMPRESORA REGISTRO 2', 'HP LaserJet P1102w', 'N/A', 'N/A', 'N/A', 'N/A', 'N/A', '0000-00-00', '0000-00-00', 'fecha mantenimiento 29-11-2023', 'N/A', 'N/A', 'N/A', 'N/A', 'N/A', 13, 2),
(221, '009', 'IMPRESORA PAGOS VIRTUALES', 'HP LaserJet P1102w', 'N/A', 'N/A', 'N/A', 'N/A', 'N/A', '0000-00-00', '0000-00-00', 'fecha mantenimiento 29-11-2023', 'N/A', 'N/A', 'N/A', 'N/A', 'N/A', 13, 2),
(222, '010', 'IMPRESORA CONTABILIDAD', 'SAMSUNG m2020w', 'N/A', 'N/A', 'N/A', 'N/A', 'N/A', '0000-00-00', '0000-00-00', 'fecha mantenimiento 29-11-2023', 'N/A', 'N/A', 'N/A', 'N/A', 'N/A', 13, 2),
(223, '94-53-30-14-00-4C', 'IMPRESORA DOCENTES', 'HP LaserJet P1102w', 'N/A', 'N/A', 'N/A', 'N/A', 'N/A', '0000-00-00', '0000-00-00', 'fecha mantenimiento 29-11-2023 IP= 172.108.0.74', 'N/A', 'N/A', 'N/A', 'N/A', 'N/A', 13, 2),
(224, '012', 'IMPRESORA ECONOMATO', 'HP LaserJet P1102w', 'N/A', 'N/A', 'N/A', 'N/A', 'N/A', '0000-00-00', '0000-00-00', '', 'N/A', 'N/A', 'N/A', 'N/A', 'N/A', 13, 2),
(225, '013', 'IMPRESORA COORDINACION ACADÉMICA', 'SAMSUNG m2020w', 'N/A', 'N/A', 'N/A', 'N/A', 'N/A', '0000-00-00', '0000-00-00', 'fecha mantenimiento 29-11-2023', 'N/A', 'N/A', 'N/A', 'N/A', 'N/A', 13, 2),
(226, '70-18-8B-C8-AD-32', 'IMPRESORA DIRECCIÓN ACADÉMICA', 'HP LaserJet P1102w', 'N/A', 'N/A', 'N/A', 'N/A', 'N/A', '0000-00-00', '0000-00-00', 'fecha mantenimiento 29-11-2023 IP= 172.110.2.158', 'N/A', 'N/A', 'N/A', 'N/A', 'N/A', 13, 2),
(227, '015', 'IMPRESORA DIRECCIÓN GENERAL', 'HP LaserJet 107w', 'N/A', 'N/A', 'N/A', 'N/A', 'N/A', '0000-00-00', '0000-00-00', 'fecha mantenimiento 29-11-2023', 'N/A', 'N/A', 'N/A', 'N/A', 'N/A', 13, 2),
(228, '016', 'IMPRESORA UPAC', 'HP LaserJet P1106', 'N/A', 'N/A', 'N/A', 'N/A', 'N/A', '0000-00-00', '0000-00-00', 'fecha mantenimiento 29-11-2023', 'N/A', 'N/A', 'N/A', 'N/A', 'N/A', 13, 2),
(229, '020', 'IMPRESORA COORDINACION DE PRACTICAS', 'SAMSUNG m2020w', 'N/A', 'N/A', 'N/A', 'N/A', 'N/A', '0000-00-00', '0000-00-00', '', 'N/A', 'N/A', 'N/A', 'N/A', 'N/A', 13, 2),
(230, '021', 'IMPRESORA RELACIONES EMPRESARIALES', 'HP LaserJet 107w', 'N/A', 'N/A', 'N/A', 'N/A', 'N/A', '0000-00-00', '0000-00-00', '', 'N/A', 'N/A', 'N/A', 'N/A', 'N/A', 13, 2),
(231, '022', 'IMPRESORA COORDINACION ADMINISTRATIVA', 'HP LaserJet MFP  M236sdw', 'N/A', 'N/A', 'N/A', 'N/A', 'N/A', '0000-00-00', '0000-00-00', 'IP= 172.18.1.57', 'N/A', 'N/A', 'N/A', 'N/A', '', 13, 2),
(232, '023', 'IMPRESORA JEFATURA DE SISTEMAS', 'HP LaserJet m132 MFP', 'N/A', 'N/A', 'N/A', 'N/A', 'N/A', '0000-00-00', '0000-00-00', '', 'N/A', 'N/A', 'N/A', 'N/A', '', 13, 2),
(233, '00-21-B7-E9-03-61', 'IMPRESORA CALL CENTER', 'LEXMARK', 'N/A', 'N/A', 'N/A', 'N/A', 'N/A', '0000-00-00', '0000-00-00', 'IP= 172.18.1.178', 'N/A', 'N/A', 'N/A', 'N/A', 'N/A', 13, 2),
(234, '00-80-91-BA-E8-BC', 'IMPRESORA COMUNICACIONES', 'TOSHIBA E-STUDIO 3515AC', 'N/A', 'N/A', 'N/A', 'N/A', 'N/A', '0000-00-00', '0000-00-00', 'IP= 172.18.2.88', 'N/A', 'N/A', 'N/A', 'N/A', '', 13, 2),
(235, 'sfsdf', 'fdf', 'sdfsd', 'sfsd', 'sdfs', 'sdfsd', 'sdfsd', 'sdfsd', '2024-06-12', '2024-06-12', '', 'sdfsd', 'sdfsdf', 'sdf', 'sdfsd', 'f', 1, 2);

-- --------------------------------------------------------

--
-- Estructura de tabla para la tabla `usuario`
--

CREATE TABLE `usuario` (
  `usuario_id` int(10) NOT NULL,
  `usuario_nombre` varchar(40) CHARACTER SET utf8mb4 COLLATE utf8mb4_spanish2_ci NOT NULL,
  `usuario_apellido` varchar(40) CHARACTER SET utf8mb4 COLLATE utf8mb4_spanish2_ci NOT NULL,
  `usuario_usuario` varchar(20) CHARACTER SET utf8mb4 COLLATE utf8mb4_spanish2_ci NOT NULL,
  `usuario_clave` varchar(200) CHARACTER SET utf8mb4 COLLATE utf8mb4_spanish2_ci NOT NULL,
  `usuario_email` varchar(70) CHARACTER SET utf8mb4 COLLATE utf8mb4_spanish2_ci NOT NULL
) ENGINE=InnoDB DEFAULT CHARSET=utf8 COLLATE=utf8_spanish2_ci;

--
-- Volcado de datos para la tabla `usuario`
--

INSERT INTO `usuario` (`usuario_id`, `usuario_nombre`, `usuario_apellido`, `usuario_usuario`, `usuario_clave`, `usuario_email`) VALUES
(1, 'Administrador', 'Principal', 'Administrador', '$2y$10$EPY9LSLOFLDDBriuJICmFOqmZdnDXxLJG8YFbog5LcExp77DBQvgC', ''),
(2, 'DANILO', 'DORIA', 'DDORIA', '$2y$10$/CcUw8tlAfyiEPz88s1QPOZSXzlGzjYzT0jBXMDf74VnJQGWcp6.O', 'doradanilo02@gmail.com'),
(3, 'LANDERZON', 'ERAZO', 'LERAZO', '$2y$10$F75/kdrtRcmkpRoFfNJTV./wMcpmTk4TA6wXmtciHPMzqW3SiOi6m', 'sistemas@sanagustin.edu.co'),
(4, 'JUAN FERNADO', 'UTRIA', 'JUTRIA', '$2y$10$zXmBjCC2EkDaiPl9iQJUZu/CWJLrwlsWjEPqmtEZxn41fOlblmiOq', ''),
(5, 'LUIS', 'SOLANO', 'LSOLANO', '$2y$10$bggCdGHzRWbYogI97TArN.gZ4rZvM1UjApIBYZTZdmhsHN.xAK6Ca', '');

--
-- Índices para tablas volcadas
--

--
-- Indices de la tabla `categoria`
--
ALTER TABLE `categoria`
  ADD PRIMARY KEY (`categoria_id`);

--
-- Indices de la tabla `historial`
--
ALTER TABLE `historial`
  ADD PRIMARY KEY (`id`);

--
-- Indices de la tabla `insumos`
--
ALTER TABLE `insumos`
  ADD PRIMARY KEY (`codigo`);

--
-- Indices de la tabla `mantenimientos`
--
ALTER TABLE `mantenimientos`
  ADD PRIMARY KEY (`consecutivo`),
  ADD KEY `producto_id` (`producto_id`);

--
-- Indices de la tabla `producto`
--
ALTER TABLE `producto`
  ADD PRIMARY KEY (`producto_id`),
  ADD KEY `categoria_id` (`categoria_id`),
  ADD KEY `usuario_id` (`usuario_id`);

--
-- Indices de la tabla `usuario`
--
ALTER TABLE `usuario`
  ADD PRIMARY KEY (`usuario_id`);

--
-- AUTO_INCREMENT de las tablas volcadas
--

--
-- AUTO_INCREMENT de la tabla `categoria`
--
ALTER TABLE `categoria`
  MODIFY `categoria_id` int(7) NOT NULL AUTO_INCREMENT, AUTO_INCREMENT=18;

--
-- AUTO_INCREMENT de la tabla `historial`
--
ALTER TABLE `historial`
  MODIFY `id` int(11) NOT NULL AUTO_INCREMENT;

--
-- AUTO_INCREMENT de la tabla `mantenimientos`
--
ALTER TABLE `mantenimientos`
  MODIFY `consecutivo` int(11) NOT NULL AUTO_INCREMENT, AUTO_INCREMENT=60;

--
-- AUTO_INCREMENT de la tabla `producto`
--
ALTER TABLE `producto`
  MODIFY `producto_id` int(20) NOT NULL AUTO_INCREMENT, AUTO_INCREMENT=236;

--
-- AUTO_INCREMENT de la tabla `usuario`
--
ALTER TABLE `usuario`
  MODIFY `usuario_id` int(10) NOT NULL AUTO_INCREMENT, AUTO_INCREMENT=6;

--
-- Restricciones para tablas volcadas
--

--
-- Filtros para la tabla `mantenimientos`
--
ALTER TABLE `mantenimientos`
  ADD CONSTRAINT `mantenimientos_ibfk_1` FOREIGN KEY (`producto_id`) REFERENCES `producto` (`producto_id`);

--
-- Filtros para la tabla `producto`
--
ALTER TABLE `producto`
  ADD CONSTRAINT `producto_ibfk_1` FOREIGN KEY (`categoria_id`) REFERENCES `categoria` (`categoria_id`),
  ADD CONSTRAINT `producto_ibfk_2` FOREIGN KEY (`usuario_id`) REFERENCES `usuario` (`usuario_id`);
COMMIT;

/*!40101 SET CHARACTER_SET_CLIENT=@OLD_CHARACTER_SET_CLIENT */;
/*!40101 SET CHARACTER_SET_RESULTS=@OLD_CHARACTER_SET_RESULTS */;
/*!40101 SET COLLATION_CONNECTION=@OLD_COLLATION_CONNECTION */;
